dtstart,dtend,dtstamp,uid,transp
"2020-09-03T09:30:00","2020-09-03T10:15:00","2021-10-24T00:16:00Z","0upeond435utaos9epq60qit5g@google.com","OPAQUE"
"2020-09-07T15:00:00","2020-09-07T15:45:00","2021-10-24T00:16:00Z","10m3agthcc2cc98gs2uld755bk@google.com","OPAQUE"
"2020-09-02T09:30:00","2020-09-02T10:30:00","2021-10-24T00:16:00Z","34ksonfp2nj5p061tt4dsidjgf@google.com","OPAQUE"
"2020-09-03T11:00:00","2020-09-03T12:15:00","2021-10-24T00:16:01Z","0sdb3b94td12alamkqibmsaa51@google.com","OPAQUE"
"2020-09-08T15:30:00","2020-09-08T16:20:00","2021-10-24T00:16:01Z","2atpvolgeu21n2bumtc2ptnjti@google.com","OPAQUE"
"2020-09-01T13:00:00","2020-09-01T14:15:00","2021-10-24T00:16:01Z","3n5965ovqg7sb19etut4ai0r4u@google.com","OPAQUE"
"2020-09-07T15:00:00","2020-09-07T15:45:00","2021-10-24T00:16:01Z","10m3agthcc2cc98gs2uld755bk@google.com","OPAQUE"
"2020-09-09T11:00:00","2020-09-09T11:50:00","2021-10-24T00:16:01Z","cr4qregbb14uu4d9r750gi857m@google.com","OPAQUE"
"2020-09-09T09:30:00","2020-09-09T10:30:00","2021-10-24T00:16:01Z","34ksonfp2nj5p061tt4dsidjgf@google.com","OPAQUE"
"2020-09-10T09:30:00","2020-09-10T10:15:00","2021-10-24T00:16:01Z","0upeond435utaos9epq60qit5g@google.com","OPAQUE"
"2020-09-08T07:45:00","2020-09-08T08:35:00","2021-10-24T00:16:01Z","v4nkda07kg8a3skgrompp9mqqk@google.com","OPAQUE"
"2020-09-03T15:00:00","2020-09-03T17:00:00","2021-10-24T00:16:01Z","6hnlrjodvqtsu2fihoo9h8jhtj@google.com","OPAQUE"
"2020-09-03T15:00:00","2020-09-03T17:00:00","2021-10-24T00:16:01Z","6hnlrjodvqtsu2fihoo9h8jhtj@google.com","OPAQUE"
"2020-09-15T07:45:00","2020-09-15T08:35:00","2021-10-24T00:16:01Z","v4nkda07kg8a3skgrompp9mqqk@google.com","OPAQUE"
"2020-09-08T09:30:00","2020-09-08T10:45:00","2021-10-24T00:16:01Z","8sjtjnjao4p6qar989ol9p9p04@google.com","OPAQUE"
"2020-09-08T09:30:00","2020-09-08T10:45:00","2021-10-24T00:16:01Z","8sjtjnjao4p6qar989ol9p9p04@google.com","OPAQUE"
"2020-09-15T09:30:00","2020-09-15T10:45:00","2021-10-24T00:16:01Z","8sjtjnjao4p6qar989ol9p9p04_R20200915T143000@google.com","OPAQUE"
"2020-11-05T19:30:00Z","2020-11-05T21:30:00Z","2021-10-24T00:16:01Z","6o267ugaj9uu2d771f0gvrt45v@google.com","OPAQUE"
"2020-10-01T18:30:00Z","2020-10-01T20:30:00Z","2021-10-24T00:16:01Z","38q99t08kd2ii5274ofnn83fql@google.com","OPAQUE"
"2020-09-17T08:00:00","2020-09-17T09:15:00","2021-10-24T00:16:01Z","3qnuihgkmtdv239mpvovngo4th@google.com","OPAQUE"
"2020-09-17T11:00:00","2020-09-17T12:15:00","2021-10-24T00:16:01Z","0sdb3b94td12alamkqibmsaa51@google.com","OPAQUE"
"2020-09-17T09:30:00","2020-09-17T10:15:00","2021-10-24T00:16:01Z","0upeond435utaos9epq60qit5g@google.com","OPAQUE"
"2020-09-03T08:00:00","2020-09-03T09:15:00","2021-10-24T00:16:01Z","3qnuihgkmtdv239mpvovngo4th@google.com","OPAQUE"
"2020-09-29T08:00:00","2020-09-29T09:15:00","2021-10-24T00:16:01Z","3qnuihgkmtdv239mpvovngo4th_R20200929T130000@google.com","OPAQUE"
"2020-09-13T10:00:00","2020-09-13T11:15:00","2021-10-24T00:16:01Z","5b4gjrbrn2117utgjjumtdar9q@google.com","OPAQUE"
"2020-10-07T22:30:00Z","2020-10-08T00:15:00Z","2021-10-24T00:16:01Z","cep9ospmqn4eaenalpqsrg6t6s@google.com","OPAQUE"
"2020-09-09T11:00:00","2020-09-09T11:50:00","2021-10-24T00:16:01Z","cr4qregbb14uu4d9r750gi857m@google.com","OPAQUE"
"2020-10-21T11:00:00","2020-10-21T11:50:00","2021-10-24T00:16:01Z","cr4qregbb14uu4d9r750gi857m_R20201021T160000@google.com","OPAQUE"
"2020-10-20T11:00:00","2020-10-20T12:15:00","2021-10-24T00:16:01Z","0sdb3b94td12alamkqibmsaa51@google.com","OPAQUE"
"2020-10-20T15:30:00","2020-10-20T16:20:00","2021-10-24T00:16:01Z","2atpvolgeu21n2bumtc2ptnjti@google.com","OPAQUE"
"2020-09-27T10:00:00","2020-09-27T11:00:00","2021-10-24T00:16:01Z","7vp1u4k1lfgvilto76eg001orr@google.com","OPAQUE"
"2020-11-15T19:00:00Z","2020-11-16T00:00:00Z","2021-10-24T00:16:01Z","6reghtdfs5525nig19ifs9631g@google.com","OPAQUE"
"2020-11-06T01:00:00Z","2020-11-06T03:00:00Z","2021-10-24T00:16:01Z","8t3r8meu00gcqq99thm22okud4@google.com","OPAQUE"
"2020-11-06T21:00:00Z","2020-11-06T22:00:00Z","2021-10-24T00:16:01Z","d2sndekbfb52fltsn13n3944b0@google.com","OPAQUE"
"2020-11-16T20:00:00Z","2020-11-16T22:00:00Z","2021-10-24T00:16:01Z","u8fqrbacv8i98b5sdonff93p84@google.com","OPAQUE"
"2020-11-01T09:00:00","2020-11-01T10:00:00","2021-10-24T00:16:01Z","vpfattsc6u0h5gdakrfaa0ujkj@google.com","OPAQUE"
"2021-01-05","2021-01-06","2021-10-24T00:16:01Z","7307vunq0c6uf7ee7idja15n4k@google.com","TRANSPARENT"
"2021-01-05T17:30:00Z","2021-01-05T18:00:00Z","2021-10-24T00:16:01Z","0okgslkpcgl3s2n93h859edfe3@google.com","OPAQUE"
"2020-12-09T22:00:00Z","2020-12-17T05:59:00Z","2021-10-24T00:16:01Z","1nvvs4pult9m1irkp2vcnhsfsq@google.com","OPAQUE"
"2020-12-18T12:30:00Z","2020-12-18T18:30:00Z","2021-10-24T00:16:01Z","2f03ht0vu9hrhbrvt2gmdu0t0c@google.com","OPAQUE"
"2020-12-14T06:01:00Z","2020-12-16T05:59:00Z","2021-10-24T00:16:01Z","7j6va74pfvienekrm2als7vvnb@google.com","OPAQUE"
"2020-09-02T16:00:00","2020-09-02T17:15:00","2021-10-24T00:16:01Z","6pna2e1obqhmsshn2193u2jt2o@google.com","OPAQUE"
"2020-09-07T16:00:00","2020-09-07T17:15:00","2021-10-24T00:16:01Z","6pna2e1obqhmsshn2193u2jt2o@google.com","OPAQUE"
"2020-10-26T16:00:00","2020-10-26T17:15:00","2021-10-24T00:16:01Z","6pna2e1obqhmsshn2193u2jt2o_R20201026T210000@google.com","OPAQUE"
"2020-12-15T13:00:00Z","2020-12-15T21:00:00Z","2021-10-24T00:16:01Z","12o24j1vcsrlq323i1lvashh96@google.com","OPAQUE"
"2020-12-17T06:05:00Z","2020-12-18T12:00:00Z","2021-10-24T00:16:01Z","52gm8c2atqrpbdqb2s5em9g8os@google.com","OPAQUE"
"2020-12-14T16:30:00Z","2020-12-14T17:00:00Z","2021-10-24T00:16:01Z","6o37lp4c6182k2bjgnhn0gjf3o@google.com","OPAQUE"
"2020-12-17T19:00:00Z","2020-12-17T20:00:00Z","2021-10-24T00:16:01Z","hi5ptmif10vldis850ft4lpcak@google.com","OPAQUE"
"2020-12-20T23:00:00Z","2020-12-21T00:00:00Z","2021-10-24T00:16:01Z","rjqem68fpruhh2u459anjer3t0@google.com","OPAQUE"
"2020-12-21T00:00:00Z","2020-12-21T01:00:00Z","2021-10-24T00:16:01Z","lqjs8kplsihhlo6ddk3a67h8i0@google.com","OPAQUE"
"2020-12-23T14:00:00Z","2020-12-23T21:30:00Z","2021-10-24T00:16:01Z","uivvnmr60h76pfrdf5kgv6t6j8@google.com","OPAQUE"
"2021-01-06T03:00:00Z","2021-01-06T05:00:00Z","2021-10-24T00:16:01Z","jtngd4u4pf1178m8jliq2orqvk@google.com","OPAQUE"
"2021-01-07T23:00:00Z","2021-01-08T00:30:00Z","2021-10-24T00:16:01Z","e2lf5alpffvo9ic945gpi8qv9k@google.com","OPAQUE"
"2021-01-06T22:00:00Z","2021-01-06T23:00:00Z","2021-10-24T00:16:01Z","25k737gp0dmbq7qs156cfk1o6c@google.com","OPAQUE"
"2021-01-07T20:00:00Z","2021-01-07T21:00:00Z","2021-10-24T00:16:01Z","nk8dgd6des7vid02mgq8bvt2p4@google.com","OPAQUE"
"2021-01-26T16:35:00","2021-01-26T17:25:00","2021-10-24T00:16:01Z","56phnkk6msfirau8a205mfjtrk@google.com","OPAQUE"
"2021-02-03","2021-02-04","2021-10-24T00:16:01Z","62r2qs2981si5mloi2viig43h9@google.com","TRANSPARENT"
"2021-02-05","2021-02-06","2021-10-24T00:16:01Z","3v7n0dm6cnkhsvc0i3gctm3j7e@google.com","TRANSPARENT"
"2021-02-19","2021-02-20","2021-10-24T00:16:01Z","7h565u1aatffl846j5a7h0355k@google.com","TRANSPARENT"
"2021-03-25","2021-03-26","2021-10-24T00:16:01Z","729jad99bb207fv97nto15aefr@google.com","TRANSPARENT"
"2021-04-16","2021-04-17","2021-10-24T00:16:01Z","3oanosb4lef3cd69kh5gjctr12@google.com","TRANSPARENT"
"2021-01-26T13:00:00","2021-01-26T14:15:00","2021-10-24T00:16:01Z","312c1p2k2mhek3jme8suer5co1@google.com","OPAQUE"
"2021-01-25T09:55:00","2021-01-25T10:45:00","2021-10-24T00:16:01Z","0qlnuaqpupl9iblt4gtdb8ab06@google.com","OPAQUE"
"2021-02-02T09:30:00","2021-02-02T10:45:00","2021-10-24T00:16:01Z","7upf1abd0je5voe6cr6isg2ivg@google.com","OPAQUE"
"2021-02-26T01:15:00Z","2021-02-26T03:15:00Z","2021-10-24T00:16:01Z","20t0r3bs0m4o5rco65jqlsardb@google.com","OPAQUE"
"2021-03-26T00:15:00Z","2021-03-26T02:15:00Z","2021-10-24T00:16:01Z","41t0i05oag2uvj0091sucu4p03@google.com","OPAQUE"
"2021-05-04T19:45:00Z","2021-05-04T21:45:00Z","2021-10-24T00:16:01Z","1rdqat0ulk7knju8r85p2o9epm@google.com","OPAQUE"
"2021-02-04T09:30:00","2021-02-04T10:45:00","2021-10-24T00:16:01Z","7upf1abd0je5voe6cr6isg2ivg@google.com","OPAQUE"
"2021-01-26T14:30:00","2021-01-26T15:45:00","2021-10-24T00:16:01Z","58ce187gkbqfrgf9eak7e0b99j@google.com","OPAQUE"
"2021-02-09T14:30:00","2021-02-09T15:05:00","2021-10-24T00:16:01Z","58ce187gkbqfrgf9eak7e0b99j_R20210209T203000@google.com","OPAQUE"
"2021-01-27T07:45:00","2021-01-27T08:35:00","2021-10-24T00:16:01Z","380ik5uu55gbn9a825u2etv28c@google.com","OPAQUE"
"2021-02-10T07:45:00","2021-02-10T08:35:00","2021-10-24T00:16:01Z","380ik5uu55gbn9a825u2etv28c_R20210210T134500@google.com","OPAQUE"
"2021-02-17T07:45:00","2021-02-17T08:35:00","2021-10-24T00:16:01Z","380ik5uu55gbn9a825u2etv28c_R20210217T134500@google.com","OPAQUE"
"2021-02-03T16:35:00","2021-02-03T17:25:00","2021-10-24T00:16:01Z","11ndk598o37ll0j2r7kuqp7agd@google.com","OPAQUE"
"2021-02-03T16:35:00","2021-02-03T17:25:00","2021-10-24T00:16:01Z","11ndk598o37ll0j2r7kuqp7agd@google.com","OPAQUE"
"2021-02-19T20:00:00Z","2021-02-19T21:00:00Z","2021-10-24T00:16:01Z","bcamcehvsaqrf76eb7l0n08ums@google.com","OPAQUE"
"2021-02-23T14:30:00","2021-02-23T15:05:00","2021-10-24T00:16:01Z","58ce187gkbqfrgf9eak7e0b99j_R20210209T203000@google.com","OPAQUE"
"2021-03-04T13:00:00","2021-03-04T14:15:00","2021-10-24T00:16:01Z","312c1p2k2mhek3jme8suer5co1@google.com","OPAQUE"
"2021-03-02T09:30:00","2021-03-02T10:45:00","2021-10-24T00:16:01Z","7upf1abd0je5voe6cr6isg2ivg@google.com","OPAQUE"
"2021-03-02T13:00:00","2021-03-02T14:15:00","2021-10-24T00:16:01Z","312c1p2k2mhek3jme8suer5co1@google.com","OPAQUE"
"2021-03-03T15:30:00","2021-03-03T16:20:00","2021-10-24T00:16:01Z","7haas3nth3hresonvn5kpqk9do@google.com","OPAQUE"
"2021-03-04T09:30:00","2021-03-04T10:45:00","2021-10-24T00:16:01Z","7upf1abd0je5voe6cr6isg2ivg@google.com","OPAQUE"
"2021-03-16T13:00:00","2021-03-16T14:15:00","2021-10-24T00:16:01Z","312c1p2k2mhek3jme8suer5co1@google.com","OPAQUE"
"2021-03-16T09:30:00","2021-03-16T10:45:00","2021-10-24T00:16:01Z","7upf1abd0je5voe6cr6isg2ivg@google.com","OPAQUE"
"2021-03-17T07:45:00","2021-03-17T08:35:00","2021-10-24T00:16:01Z","380ik5uu55gbn9a825u2etv28c_R20210217T134500@google.com","OPAQUE"
"2021-03-18T09:30:00","2021-03-18T10:45:00","2021-10-24T00:16:01Z","7upf1abd0je5voe6cr6isg2ivg@google.com","OPAQUE"
"2021-03-18T13:00:00","2021-03-18T14:15:00","2021-10-24T00:16:01Z","312c1p2k2mhek3jme8suer5co1@google.com","OPAQUE"
"2021-03-24T07:45:00","2021-03-24T08:35:00","2021-10-24T00:16:01Z","380ik5uu55gbn9a825u2etv28c_R20210217T134500@google.com","OPAQUE"
"2021-02-03T15:30:00","2021-02-03T16:20:00","2021-10-24T00:16:01Z","7haas3nth3hresonvn5kpqk9do@google.com","OPAQUE"
"2021-03-24T15:30:00","2021-03-24T16:20:00","2021-10-24T00:16:01Z","7haas3nth3hresonvn5kpqk9do_R20210324T203000@google.com","OPAQUE"
"2021-03-25T13:00:00","2021-03-25T14:15:00","2021-10-24T00:16:01Z","312c1p2k2mhek3jme8suer5co1@google.com","OPAQUE"
"2021-01-28T15:30:00","2021-01-28T16:20:00","2021-10-24T00:16:01Z","6m9speaqd2d6376f6g1q6qqesu@google.com","OPAQUE"
"2021-03-30T13:00:00","2021-03-30T14:15:00","2021-10-24T00:16:01Z","312c1p2k2mhek3jme8suer5co1@google.com","OPAQUE"
"2021-03-31T19:25:00Z","2021-03-31T20:15:00Z","2021-10-24T00:16:01Z","f856bjg0tcsh025vg1c0uruedc@google.com","OPAQUE"
"2021-04-01T13:00:00","2021-04-01T14:15:00","2021-10-24T00:16:01Z","312c1p2k2mhek3jme8suer5co1@google.com","OPAQUE"
"2021-04-06T09:30:00","2021-04-06T10:45:00","2021-10-24T00:16:01Z","7upf1abd0je5voe6cr6isg2ivg@google.com","OPAQUE"
"2021-04-06T13:00:00","2021-04-06T14:15:00","2021-10-24T00:16:01Z","312c1p2k2mhek3jme8suer5co1@google.com","OPAQUE"
"2021-04-07T15:30:00","2021-04-07T16:20:00","2021-10-24T00:16:01Z","7haas3nth3hresonvn5kpqk9do_R20210324T203000@google.com","OPAQUE"
"2021-04-07T07:45:00","2021-04-07T08:35:00","2021-10-24T00:16:01Z","380ik5uu55gbn9a825u2etv28c_R20210217T134500@google.com","OPAQUE"
"2021-04-08T09:30:00","2021-04-08T10:45:00","2021-10-24T00:16:01Z","7upf1abd0je5voe6cr6isg2ivg@google.com","OPAQUE"
"2021-04-08T13:00:00","2021-04-08T14:15:00","2021-10-24T00:16:01Z","312c1p2k2mhek3jme8suer5co1@google.com","OPAQUE"
"2021-04-13T09:30:00","2021-04-13T10:45:00","2021-10-24T00:16:01Z","7upf1abd0je5voe6cr6isg2ivg@google.com","OPAQUE"
"2021-04-13T13:00:00","2021-04-13T14:15:00","2021-10-24T00:16:01Z","312c1p2k2mhek3jme8suer5co1@google.com","OPAQUE"
"2021-04-14T15:30:00","2021-04-14T16:20:00","2021-10-24T00:16:01Z","7haas3nth3hresonvn5kpqk9do_R20210324T203000@google.com","OPAQUE"
"2021-04-15T13:00:00","2021-04-15T14:15:00","2021-10-24T00:16:01Z","312c1p2k2mhek3jme8suer5co1@google.com","OPAQUE"
"2021-04-15T09:30:00","2021-04-15T10:45:00","2021-10-24T00:16:01Z","7upf1abd0je5voe6cr6isg2ivg@google.com","OPAQUE"
"2021-04-20T13:00:00","2021-04-20T14:15:00","2021-10-24T00:16:01Z","312c1p2k2mhek3jme8suer5co1@google.com","OPAQUE"
"2021-04-21T07:45:00","2021-04-21T08:35:00","2021-10-24T00:16:01Z","380ik5uu55gbn9a825u2etv28c_R20210217T134500@google.com","OPAQUE"
"2021-04-22T13:00:00","2021-04-22T14:15:00","2021-10-24T00:16:01Z","312c1p2k2mhek3jme8suer5co1@google.com","OPAQUE"
"2021-04-22T09:30:00","2021-04-22T10:45:00","2021-10-24T00:16:01Z","7upf1abd0je5voe6cr6isg2ivg@google.com","OPAQUE"
"2021-03-25T15:30:00","2021-03-25T16:20:00","2021-10-24T00:16:01Z","6m9speaqd2d6376f6g1q6qqesu_R20210325T203000@google.com","OPAQUE"
"2021-04-29T15:30:00","2021-04-29T16:20:00","2021-10-24T00:16:01Z","6m9speaqd2d6376f6g1q6qqesu_R20210429T203000@google.com","OPAQUE"
"2021-04-27T09:30:00","2021-04-27T10:45:00","2021-10-24T00:16:01Z","7upf1abd0je5voe6cr6isg2ivg@google.com","OPAQUE"
"2021-04-27T13:00:00","2021-04-27T14:15:00","2021-10-24T00:16:01Z","312c1p2k2mhek3jme8suer5co1@google.com","OPAQUE"
"2021-04-29T15:30:00","2021-04-29T16:20:00","2021-10-24T00:16:01Z","6m9speaqd2d6376f6g1q6qqesu_R20210429T203000@google.com","OPAQUE"
"2021-05-05T18:00:00Z","2021-05-05T19:00:00Z","2021-10-24T00:16:01Z","gkjtk0g1k8l35akncadvn0s3vo@google.com","OPAQUE"
"2021-05-05","2021-05-06","2021-10-24T00:16:01Z","u5caf252888p664c3md2d3b42s@google.com","TRANSPARENT"
"2021-04-29T09:30:00","2021-04-29T10:45:00","2021-10-24T00:16:01Z","7upf1abd0je5voe6cr6isg2ivg@google.com","OPAQUE"
"2021-04-29T13:00:00","2021-04-29T14:15:00","2021-10-24T00:16:01Z","312c1p2k2mhek3jme8suer5co1@google.com","OPAQUE"
"2021-09-08T09:55:00","2021-09-08T10:45:00","2021-10-24T00:16:01Z","69oi2bm2fnrv8ql2e9v701ktt8@google.com","OPAQUE"
"2021-09-15","2021-09-16","2021-10-24T00:16:01Z","1nd5k5p8doq7r6gvtk5f8melpa@google.com","TRANSPARENT"
"2021-09-17","2021-09-18","2021-10-24T00:16:01Z","1mggv3jvmtakuhiean06sbgta8@google.com","TRANSPARENT"
"2021-11-05","2021-11-06","2021-10-24T00:16:01Z","62bfaas89dnb6gihese6008dgt@google.com","TRANSPARENT"
"2021-10-01","2021-10-02","2021-10-24T00:16:01Z","061gvjodbbrjsdjnqv01h96e7d@google.com","TRANSPARENT"
"2021-11-26","2021-11-27","2021-10-24T00:16:01Z","32j0m54rmp6mcfnmgmkme77511@google.com","TRANSPARENT"
"2021-09-08T13:20:00","2021-09-08T14:10:00","2021-10-24T00:16:01Z","3er7duvo5j911hljio5mcvd78u@google.com","OPAQUE"
"2021-09-14T16:00:00","2021-09-14T17:15:00","2021-10-24T00:16:01Z","2tci7ldgo9tpmov4prgckdrhlb@google.com","OPAQUE"
"2021-09-14T09:30:00","2021-09-14T10:45:00","2021-10-24T00:16:01Z","4aulbqa3c3ne814ss030o2l0cb@google.com","OPAQUE"
"2021-09-23T09:30:00","2021-09-23T10:45:00","2021-10-24T00:16:01Z","4aulbqa3c3ne814ss030o2l0cb@google.com","OPAQUE"
"2021-09-30T16:00:00","2021-09-30T17:15:00","2021-10-24T00:16:01Z","2tci7ldgo9tpmov4prgckdrhlb@google.com","OPAQUE"
"2021-12-20T13:45:00Z","2021-12-20T15:45:00Z","2021-10-24T00:16:01Z","85889CA7-A4EC-4A1D-A9E0-203A4C785E8F","OPAQUE"
"2021-12-20T20:45:00Z","2021-12-20T22:45:00Z","2021-10-24T00:16:01Z","BD826685-26E9-4B53-B349-43C71FA772FC","OPAQUE"
"2021-12-22T20:45:00Z","2021-12-22T22:45:00Z","2021-10-24T00:16:01Z","4A340B3E-B81D-4E67-A4D1-C24C4D286BFE","OPAQUE"
"2021-12-22T13:45:00Z","2021-12-22T15:45:00Z","2021-10-24T00:16:01Z","813895C0-4625-47BB-8DE3-D1E1DC8E92D9","OPAQUE"
"2021-12-18T20:45:00Z","2021-12-18T22:45:00Z","2021-10-24T00:16:01Z","6DDB55B8-5796-4EC1-869A-28F2869C06EF","OPAQUE"
"2021-09-13T14:25:00","2021-09-13T15:15:00","2021-10-24T00:16:01Z","56uhtrs4udo6l6u3m5305oee2u@google.com","TRANSPARENT"
"2021-09-08T14:30:00","2021-09-08T15:45:00","2021-10-24T00:16:01Z","7dcuc3bulg37ugmo46u940b20e@google.com","TRANSPARENT"
"2021-09-13T14:30:00","2021-09-13T15:45:00","2021-10-24T00:16:01Z","7dcuc3bulg37ugmo46u940b20e@google.com","TRANSPARENT"
"2021-09-08T16:00:00","2021-09-08T17:15:00","2021-10-24T00:16:01Z","5bht5j8n6aclgdd95sjgamfjp7@google.com","OPAQUE"
"2021-10-11T14:30:00","2021-10-11T15:45:00","2021-10-24T00:16:01Z","7dcuc3bulg37ugmo46u940b20e@google.com","TRANSPARENT"
"2021-10-13T14:30:00","2021-10-13T15:45:00","2021-10-24T00:16:01Z","7dcuc3bulg37ugmo46u940b20e@google.com","TRANSPARENT"
"2021-10-13T16:00:00","2021-10-13T17:15:00","2021-10-24T00:16:01Z","tak0q2lnjqac1pg7meudupcb9o@google.com","OPAQUE"
"2021-10-15T16:00:00","2021-10-15T17:15:00","2021-10-24T00:16:01Z","tak0q2lnjqac1pg7meudupcb9o@google.com","OPAQUE"
"2021-10-28T14:30:00Z","2021-10-28T15:45:00Z","2021-10-24T00:16:01Z","AC82B7D2-ED18-4E29-8F2C-F067A2A346F1","OPAQUE"
"2021-09-13T16:00:00","2021-09-13T17:15:00","2021-10-24T00:16:01Z","tak0q2lnjqac1pg7meudupcb9o@google.com","OPAQUE"
"2021-10-18T16:00:00","2021-10-18T17:15:00","2021-10-24T00:16:01Z","tak0q2lnjqac1pg7meudupcb9o_R20211018T210000@google.com","TRANSPARENT"
"2021-10-18T16:00:00","2021-10-18T17:15:00","2021-10-24T00:16:01Z","tak0q2lnjqac1pg7meudupcb9o_R20211018T210000@google.com","TRANSPARENT"
"2021-10-20T16:00:00","2021-10-20T17:15:00","2021-10-24T00:16:01Z","tak0q2lnjqac1pg7meudupcb9o_R20211020T210000@google.com","TRANSPARENT"
"2021-09-09T09:30:00","2021-09-09T10:45:00","2021-10-24T00:16:01Z","4aulbqa3c3ne814ss030o2l0cb@google.com","OPAQUE"
"2021-10-19T09:30:00","2021-10-19T10:45:00","2021-10-24T00:16:01Z","4aulbqa3c3ne814ss030o2l0cb_R20211019T143000@google.com","TRANSPARENT"
"2021-10-19T09:30:00","2021-10-19T10:45:00","2021-10-24T00:16:01Z","4aulbqa3c3ne814ss030o2l0cb_R20211019T143000@google.com","TRANSPARENT"
"2021-10-20T14:30:00","2021-10-20T15:45:00","2021-10-24T00:16:01Z","7dcuc3bulg37ugmo46u940b20e@google.com","OPAQUE"